#TYPE Selected.Microsoft.ActiveDirectory.Management.ADComputer,,
name,userx,OperatingSystemVersion
PCJA6GXYRD2,Windows 10 Pro,10.0 (18362)
LAPEGYPF21SYW3,Windows 10 Pro,10.0 (18362)
LAPEGYJXKNMV2,Windows 10 Pro,10.0 (17763)
LAPEGYJ8RMZM2,Windows 10 Pro,10.0 (18363)
LAPEGYHXPF4M2,Windows 10 Pro,10.0 (17134)
LAPEGYHQCMJR2,Windows 10 Pro,10.0 (17134)
LAPEGYHH9LJR2,Windows 10 Pro,10.0 (17134)
LAPEGYH3VLJR2,Windows 10 Pro,10.0 (17134)
LAPEGYGWXRZ52,Windows 10 Pro,10.0 (17134)
LAPEGYGTXRZ52,Windows 10 Pro,10.0 (17134)
LAPEGYGTJ9T32,Windows 10 Pro,10.0 (17134)
LAPEGYGSM0TQ2,Windows 10 Pro,10.0 (17134)
LAPEGYGKGRJR2,Windows 10 Pro,10.0 (17134)
LAPEGYG36DP12,Windows 10 Pro,10.0 (18363)
LAPEGYFRKD362,Windows 8.1 Pro,6.3 (9600)
LAPEGYF5YWNV2,Windows 10 Pro,10.0 (17763)
LAPEGYF1VLJR2,Windows 10 Pro,10.0 (17763)
LAPEGYDZR0TQ2,Windows 10 Pro,10.0 (16299)
LAPEGYDX2NJR2,Windows 10 Pro,10.0 (17134)
LAPEGYDBSVL32,Windows 8.1 Pro,6.3 (9600)
LAPEGYD9JV8Y2,Windows 10 Pro,10.0 (18362)
LAPEGYD04LJR2,Windows 10 Pro,10.0 (17763)
LAPEGYCR39T32,Windows 10 Pro,10.0 (18363)
LAPEGYCPW8YZ1,Windows 10 Pro,10.0 (18363)
LAPEGYCG5FK72,Windows 10 Pro,10.0 (17133)
LAPEGYC14LJR2,Windows 10 Pro,10.0 (17134)
LAPEGYBZ3LJR2,Windows 10 Pro,10.0 (17134)
LAPEGYBM7RNN2,Windows 10 Pro,10.0 (17134)
LAPEGYBFDFZ52,Windows 10 Pro,10.0 (18363)
LAPEGYBF9SM32,Windows 8.1 Pro,6.3 (9600)
LAPEGY9ZKNMV2,Windows 10 Pro,10.0 (18363)
LAPEGY9HTRZ52,Windows 10 Pro,10.0 (17134)
LAPEGY9DNTN32,Windows 10 Pro,10.0 (17763)
LAPEGY9643NF2,Windows 10 Pro,10.0 (17763)
LAPEGY8Z4DD72,Windows 10 Pro,10.0 (18363)
LAPEGY7J9LJR2,Windows 10 Pro,10.0 (17134)
LAPEGY732PXY2,Windows 10 Pro,10.0 (18363)
LAPEGY72VLJR2,Windows 10 Pro,10.0 (17134)
LAPEGY70RCG12,Windows 10 Pro,10.0 (18363)
LAPEGY6M14NV2,Windows 10 Pro,10.0 (17763)
LAPEGY5Y4DD72,Windows 10 Pro,10.0 (17134)
LAPEGY5XDNMV2,Windows 10 Pro,10.0 (17763)
LAPEGY5L14NV2,Windows 10 Pro,10.0 (17763)
LAPEGY5F3R262,Windows 8.1 Pro,6.3 (9600)
LAPEGY4XVBT32,Windows 10 Pro,10.0 (17134)
LAPEGY4TYV5S1,Windows 8.1 Pro,6.3 (9600)
LAPEGY4TRQSQ2,Windows 10 Pro,10.0 (16299)
LAPEGY4SNJP12,Windows 10 Pro,10.0 (18363)
LAPEGY4CPPZ52,Windows 10 Pro,10.0 (18363)
LAPEGY424LJR2,Windows 10 Pro,10.0 (17134)
LAPEGY3H9LJR2,Windows 10 Pro,10.0 (17134)
LAPEGY3FB2L72,Windows 10 Pro,10.0 (18363)
LAPEGY2Y3LJR2,Windows 10 Pro,10.0 (18362)
LAPEGY2WRK8S2,Windows 10 Pro,10.0 (17763)
LAPEGY2Q68L12,Windows 10 Pro,10.0 (17763)
lapegy2LQXS32,Windows 7 Professional,6.1 (7601)
LAPEGY1ZDNMV2,Windows 10 Pro,10.0 (18363)
LAPEGY1YDNMV2,Windows 10 Pro,10.0 (18363)
LAPEGY1DPMZ52,Windows 10 Pro,10.0 (18363)
LAPEGY16JD362,Windows 10 Pro,10.0 (17134)
LAPEGY14VBL72,Windows 10 Pro,10.0 (17134)
LAPDUB3W41Z52,Windows 8.1 Pro,6.3 (9600)
kareemlaptop2,Windows 8.1 Pro,6.3 (9600)
COMPUTERX,Windows 10 Pro,10.0 (17134)
COMPUTERX,Windows 7 Enterprise,6.1 (7601)
COMPUTERX,Windows 10 Pro,10.0 (17134)
COMPUTERX,Windows 10 Pro,10.0 (17134)
COMPUTERX,Windows 10 Pro,10.0 (17134)
COMPUTERX,Windows 10 Pro,10.0 (17134)
COMPUTERX,Windows 10 Pro,10.0 (17134)
COMPUTERX,Windows 10 Pro,10.0 (17134)
COMPUTERX,Windows 10 Pro,10.0 (17134)
COMPUTERX,Windows 10 Pro,10.0 (17134)
COMPUTERX,Windows 10 Pro,10.0 (17134)
COMPUTERX,Windows 10 Pro,10.0 (17134)
COMPUTERX,Windows 10 Pro,10.0 (17134)
COMPUTERX,Windows 10 Pro,10.0 (17134)
COMPUTERX,Windows 10 Pro,10.0 (17134)
COMPUTERX,Windows 10 Pro,10.0 (17134)
COMPUTERX,Windows 10 Pro,10.0 (17134)
COMPUTERX,Windows 10 Pro,10.0 (17134)
COMPUTERX,Windows 10 Pro,10.0 (17134)
COMPUTERX,Windows 10 Pro,10.0 (17134)
COMPUTERX,Windows 10 Pro,10.0 (17134)
COMPUTERX,Windows 10 Pro,10.0 (17134)
COMPUTERX,Windows 10 Pro,10.0 (17134)
COMPUTERX,Windows 10 Pro,10.0 (17134)
COMPUTERX,Windows 10 Pro,10.0 (17134)
COMPUTERX,Windows 10 Pro,10.0 (17134)
COMPUTERX,Windows 10 Pro,10.0 (17134)
COMPUTERX,Windows 10 Pro,10.0 (17134)
COMPUTERX,Windows 10 Pro,10.0 (17134)
COMPUTERX,Windows 10 Pro,10.0 (17134)
COMPUTERX,Windows 10 Pro,10.0 (17134)
COMPUTERX,Windows 10 Pro,10.0 (17134)
COMPUTERX,Windows 10 Pro,10.0 (17134)
COMPUTERX,Windows 10 Pro,10.0 (17134)
COMPUTERX,Windows 10 Pro,10.0 (17134)
COMPUTERX,Windows 10 Pro,10.0 (17134)
COMPUTERX,Windows 10 Pro,10.0 (17134)
COMPUTERX,Windows 10 Pro,10.0 (17134)
COMPUTERX,Windows 10 Pro,10.0 (17134)
COMPUTERX,Windows 10 Pro,10.0 (17134)
COMPUTERX,Windows 10 Pro,10.0 (17134)
COMPUTERX,Windows 10 Pro,10.0 (17134)
COMPUTERX,Windows 10 Pro,10.0 (17134)
COMPUTERX,Windows 10 Pro,10.0 (17134)
COMPUTERX,Windows 10 Pro,10.0 (17134)
COMPUTERX,Windows 10 Pro,10.0 (17134)
COMPUTERX,Windows 10 Pro,10.0 (17134)
COMPUTERX,Windows 10 Pro,10.0 (17134)
COMPUTERX,Windows 10 Pro,10.0 (17134)
COMPUTERX,Windows 10 Pro,10.0 (17134)
COMPUTERX,Windows 10 Pro,10.0 (17134)
COMPUTERX,Windows 10 Pro,10.0 (17134)
COMPUTERX,Windows 10 Pro,10.0 (17134)
COMPUTERX,Windows 10 Pro,10.0 (17134)
COMPUTERX,Windows 10 Pro,10.0 (17134)
COMPUTERX,Windows 10 Pro,10.0 (17134)
COMPUTERX,Windows 10 Pro,10.0 (17134)
COMPUTERX,Windows 7 Professional,6.1 (7601)
COMPUTERX,Windows 7 Professional,6.1 (7601)
COMPUTERX,Windows 10 Pro,10.0 (17134)
COMPUTERX,Windows 10 Pro,10.0 (17134)
COMPUTERX,Windows 10 Pro,10.0 (17134)
COMPUTERX,Windows 10 Pro,10.0 (17134)
COMPUTERX,Windows 10 Pro,10.0 (17134)
COMPUTERX,Windows 10 Pro,10.0 (17134)
COMPUTERX,Windows 10 Pro,10.0 (17134)
COMPUTERX,Windows 10 Pro,10.0 (17134)
COMPUTERX,Windows 10 Pro,10.0 (17134)
COMPUTERX,Windows 10 Pro,10.0 (17134)
COMPUTERX,Windows 10 Pro,10.0 (17134)
COMPUTERX,Windows 10 Pro,10.0 (17134)
COMPUTERX,Windows 10 Pro,10.0 (17134)
COMPUTERX,Windows 10 Pro,10.0 (17134)
COMPUTERX,Windows 10 Pro,10.0 (17134)
COMPUTERX,Windows 10 Pro,10.0 (17134)
COMPUTERX,Windows 10 Pro,10.0 (17134)
COMPUTERX,userx,unknown
COMPUTERX,userx,unknown
COMPUTERX,userx,unknown
COMPUTERX,userx,unknown
COMPUTERX,userx,unknown
COMPUTERX,userx,unknown
COMPUTERX,userx,unknown
COMPUTERX,Windows 7 Professional,6.1 (7601)
COMPUTERX,Windows 7 Professional,6.1 (7601)
COMPUTERX,Windows 7 Professional,6.1 (7601)
COMPUTERX,Windows 7 Professional,6.1 (7601)
COMPUTERX,Windows 7 Professional,6.1 (7601)
COMPUTERX,Windows 7 Professional,6.1 (7601)
COMPUTERX,Windows 7 Professional,6.1 (7601)
COMPUTERX,Windows 7 Professional,6.1 (7601)
COMPUTERX,Windows 7 Professional,6.1 (7601)
COMPUTERX,Windows 7 Professional,6.1 (7601)
COMPUTERX,Windows 7 Professional,6.1 (7601)
COMPUTERX,Windows 7 Professional,6.1 (7601)
COMPUTERX,Windows 7 Professional,6.1 (7601)
COMPUTERX,Windows 7 Professional,6.1 (7601)
COMPUTERX,Windows 7 Professional,6.1 (7601)
COMPUTERX,Windows 7 Professional,6.1 (7601)
COMPUTERX,Windows 7 Professional,6.1 (7601)
COMPUTERX,Windows 7 Professional,6.1 (7601)
COMPUTERX,Windows 7 Professional,6.1 (7601)
COMPUTERX,Windows 7 Professional,6.1 (7601)
COMPUTERX,Windows 7 Professional,6.1 (7601)
COMPUTERX,Windows 7 Professional,6.1 (7601)
COMPUTERX,Windows 7 Professional,6.1 (7601)
COMPUTERX,Windows 7 Professional,6.1 (7601)
COMPUTERX,Windows 7 Professional,6.1 (7601)
COMPUTERX,Windows 7 Professional,6.1 (7601)
COMPUTERX,Windows 7 Professional,6.1 (7601)
COMPUTERX,Windows 7 Professional,6.1 (7601)
COMPUTERX,Windows 10 Pro,10.0 (17134)
COMPUTERX,Windows 7 Professional,6.1 (7601)
COMPUTERX,Windows 10 Pro,10.0 (18363)
COMPUTERX,Windows 7 Professional,6.1 (7601)
COMPUTERX,Windows 8.1 Pro,6.3 (9600)
COMPUTERX,Windows 10 Pro,10.0 (18362)
COMPUTERX,Windows 7 Professional,6.1 (7601)
COMPUTERX,Windows 7 Professional,6.1 (7601)
COMPUTERX,Windows 10 Pro,10.0 (18362)
COMPUTERX,Windows 10 Pro,10.0 (18362)
COMPUTERX,Windows 10 Pro,10.0 (18362)
COMPUTERX,Windows 7 Professional,6.1 (7601)
COMPUTERX,Windows 10 Pro,10.0 (18362)
COMPUTERX,Windows 7 Professional,6.1 (7601)
COMPUTERX,Windows 7 Professional,6.1 (7601)
COMPUTERX,Windows 10 Pro,10.0 (18362)
COMPUTERX,Windows 10 Pro,10.0 (18362)
COMPUTERX,Windows 10 Pro,10.0 (18362)
COMPUTERX,Windows 10 Pro,10.0 (18362)
COMPUTERX,Windows 10 Pro,10.0 (18362)
COMPUTERX,Windows 10 Pro,10.0 (18362)
COMPUTERX,Windows 10 Pro,10.0 (18362)
COMPUTERX,Windows 10 Pro,10.0 (18362)
COMPUTERX,Windows 10 Pro,10.0 (18362)
COMPUTERX,Windows 10 Pro,10.0 (18362)
COMPUTERX,Windows 10 Pro,10.0 (18362)
COMPUTERX,Windows 10 Pro,10.0 (18362)
COMPUTERX,Windows 10 Pro,10.0 (18362)
COMPUTERX,Windows 10 Pro,10.0 (18362)
COMPUTERX,Windows 10 Pro,10.0 (18362)
COMPUTERX,Windows 10 Pro,10.0 (18362)
COMPUTERX,Windows 10 Pro,10.0 (18362)
COMPUTERX,Windows 10 Pro,10.0 (18362)
COMPUTERX,Windows 10 Pro,10.0 (18362)
COMPUTERX,Windows 10 Pro,10.0 (18362)
COMPUTERX,Windows 7 Professional,6.1 (7601)
COMPUTERX,Windows 10 Pro,10.0 (18362)
COMPUTERX,Windows 10 Pro,10.0 (18362)
COMPUTERX,Windows 10 Pro,10.0 (18363)
COMPUTERX,Windows 10 Pro,10.0 (18362)
COMPUTERX,Windows 7 Professional,6.1 (7601)
COMPUTERX,Windows 10 Pro,10.0 (18362)
COMPUTERX,Windows 10 Pro,10.0 (18362)
COMPUTERX,Windows 10 Pro,10.0 (18362)
COMPUTERX,Windows 10 Pro,10.0 (18362)
COMPUTERX,Windows 10 Pro,10.0 (18362)
COMPUTERX,Windows 7 Professional,6.1 (7601)
COMPUTERX,Windows 7 Professional,6.1 (7601)
COMPUTERX,Windows 10 Pro,10.0 (18362)
COMPUTERX,Windows 7 Professional,6.1 (7601)
COMPUTERX,Windows 10 Pro,10.0 (18362)
"COMPUTERX
CNF:84704046-ddaa-4460-9f7d-1e6d17632441",Windows 7 Professional,6.1 (7601)
COMPUTERX,Windows 10 Pro,10.0 (18362)
COMPUTERX,Windows 10 Pro,10.0 (18362)
COMPUTERX,Windows 10 Pro,10.0 (18362)
COMPUTERX,Windows 10 Pro,10.0 (18362)
COMPUTERX,Windows 10 Pro,10.0 (18362)
COMPUTERX,Windows 7 Professional,6.1 (7601)
COMPUTERX,Windows 10 Pro,10.0 (18363)
COMPUTERX,Windows 7 Professional,6.1 (7601)
COMPUTERX,Windows 10 Pro,10.0 (18363)
COMPUTERX,Windows 10 Pro,10.0 (18363)
COMPUTERX,Windows 10 Pro,10.0 (18363)
COMPUTERX,Windows 10 Pro,10.0 (18362)
COMPUTERX,Windows 10 Enterprise,10.0 (18362)
COMPUTERX,Windows 10 Pro,10.0 (18362)
COMPUTERX,Windows 10 Enterprise,10.0 (18362)
COMPUTERX,Windows 10 Pro,10.0 (18362)
COMPUTERX,Windows 10 Pro,10.0 (18363)
COMPUTERX,Windows 10 Pro,10.0 (18363)
COMPUTERX,Windows 10 Pro,10.0 (18363)
COMPUTERX,Windows 10 Pro,10.0 (18363)
COMPUTERX,Windows 10 Pro,10.0 (18363)
COMPUTERX,Windows 10 Pro,10.0 (18363)
COMPUTERX,Windows 10 Pro,10.0 (18363)
COMPUTERX,Windows 10 Pro,10.0 (18363)
COMPUTERX,Windows 10 Pro,10.0 (18363)
COMPUTERX,Windows 10 Pro,10.0 (18363)
COMPUTERX,Windows 10 Pro,10.0 (18363)
COMPUTERX,Windows 10 Pro,10.0 (18363)
COMPUTERX,Windows 10 Pro,10.0 (18363)
COMPUTERX,Windows 10 Pro,10.0 (18363)
COMPUTERX,Windows 10 Pro,10.0 (18363)
COMPUTERX,Windows 10 Pro,10.0 (18363)
COMPUTERX,Windows 10 Pro,10.0 (18363)
COMPUTERX,Windows 10 Pro,10.0 (18363)
COMPUTERX,Windows 10 Pro,10.0 (18363)
COMPUTERX,Windows 10 Pro,10.0 (18363)
COMPUTERX,Windows 10 Pro,10.0 (18363)
COMPUTERX,Windows 10 Pro,10.0 (18363)
COMPUTERX,Windows 10 Pro,10.0 (18363)
COMPUTERX,Windows 10 Pro,10.0 (18363)
COMPUTERX,Windows 10 Pro,10.0 (18363)
COMPUTERX,Windows 10 Pro,10.0 (18363)
COMPUTERX,Windows 10 Pro,10.0 (18363)
COMPUTERX,Windows 10 Pro,10.0 (18363)
COMPUTERX,Windows 10 Pro,10.0 (18363)
COMPUTERX,Windows 10 Pro,10.0 (18363)
COMPUTERX,Windows 10 Pro,10.0 (18363)
COMPUTERX,Windows 10 Pro,10.0 (18363)
COMPUTERX,Windows 10 Pro,10.0 (18363)
COMPUTERX,Windows 10 Pro,10.0 (18363)
COMPUTERX,Windows 10 Pro,10.0 (18363)
COMPUTERX,Windows 10 Pro,10.0 (18362)
COMPUTERX,Windows 10 Pro,10.0 (18363)
COMPUTERX,Windows 10 Pro,10.0 (18363)
COMPUTERX,Windows 10 Pro,10.0 (18363)
COMPUTERX,Windows 10 Pro,10.0 (18362)
COMPUTERX,Windows 10 Pro,10.0 (17134)
COMPUTERX,Windows 10 Pro,10.0 (18363)
COMPUTERX,Windows 10 Pro,10.0 (17134)
COMPUTERX,Windows 10 Pro,10.0 (17134)
COMPUTERX,Windows 10 Pro,10.0 (17134)
COMPUTERX,Windows 8.1 Pro,6.3 (9600)
COMPUTERX,Windows 7 Professional,6.1 (7601)
COMPUTERX,Windows 8.1 Pro,6.3 (9600)
COMPUTERX,Windows 7 Professional,6.1 (7601)
COMPUTERX,Windows 10 Pro,10.0 (18363)
COMPUTERX,Windows 10 Pro,10.0 (18363)
COMPUTERX,Windows 10 Pro,10.0 (18363)
COMPUTERX,Windows 10 Pro,10.0 (18363)
COMPUTERX,Windows 10 Pro,10.0 (17134)
COMPUTERX,Windows 10 Pro,10.0 (17134)
COMPUTERX,Windows 10 Pro,10.0 (17134)
COMPUTERX,Windows 10 Pro,10.0 (18363)
COMPUTERX,Windows 10 Pro,10.0 (17134)
COMPUTERX,Windows 10 Pro,10.0 (18363)
COMPUTERX,Windows 10 Pro,10.0 (18363)
COMPUTERX,Windows 10 Pro,10.0 (18363)
COMPUTERX,Windows 10 Pro,10.0 (17134)
COMPUTERX,Windows 10 Pro,10.0 (17134)
COMPUTERX,Windows 10 Pro,10.0 (17134)
COMPUTERX,Windows 10 Pro,10.0 (17134)
COMPUTERX,Windows 10 Pro,10.0 (17134)
COMPUTERX,Windows 10 Pro,10.0 (17134)
COMPUTERX,Windows 10 Pro,10.0 (17134)
COMPUTERX,Windows 10 Pro,10.0 (17134)
COMPUTERX,Windows 10 Pro,10.0 (17134)
COMPUTERX,Windows 10 Pro,10.0 (17134)
COMPUTERX,Windows 10 Pro,10.0 (17134)
COMPUTERX,Windows 10 Pro,10.0 (17134)
COMPUTERX,Windows 10 Pro,10.0 (18363)
COMPUTERX,Windows 10 Pro,10.0 (18363)
COMPUTERX,Windows 10 Pro,10.0 (18363)
COMPUTERX,Windows 10 Pro,10.0 (18363)
COMPUTERX,Windows 10 Pro,10.0 (18363)
COMPUTERX,Windows 10 Pro,10.0 (18363)
COMPUTERX,Windows 10 Pro,10.0 (17134)
COMPUTERX,Windows 10 Pro,10.0 (18363)
COMPUTERX,Windows 8.1 Pro,6.3 (9600)
COMPUTERX,Windows 10 Pro,10.0 (17134)
COMPUTERX,Windows 10 Pro,10.0 (17134)
COMPUTERX,Windows 10 Pro,10.0 (17134)
COMPUTERX,Windows 8.1 Pro,6.3 (9600)
COMPUTERX,Windows 8.1 Pro,6.3 (9600)
COMPUTERX,Windows 8.1 Pro,6.3 (9600)
COMPUTERX,Windows 8.1 Pro,6.3 (9600)
COMPUTERX,Windows 10 Pro,10.0 (17134)
COMPUTERX,Windows 8.1 Pro,6.3 (9600)
COMPUTERX,Windows 8.1 Pro,6.3 (9600)
COMPUTERX,Windows 8.1 Pro,6.3 (9600)
COMPUTERX,Windows 8.1 Pro,6.3 (9600)
COMPUTERX,Windows 10 Pro,10.0 (17134)
COMPUTERX,Windows 10 Pro,10.0 (17134)
COMPUTERX,Windows 10 Pro,10.0 (17134)
COMPUTERX,Windows 10 Pro,10.0 (17134)
COMPUTERX,Windows 10 Pro,10.0 (17134)
COMPUTERX,Windows 8.1 Pro,6.3 (9600)
COMPUTERX,Windows 10 Pro,10.0 (17134)
COMPUTERX,Windows 8.1 Pro,6.3 (9600)
COMPUTERX,Windows 8.1 Pro,6.3 (9600)
COMPUTERX,Windows 8.1 Pro,6.3 (9600)
COMPUTERX,Windows 10 Pro,10.0 (17134)
COMPUTERX,Windows 8.1 Pro,6.3 (9600)
COMPUTERX,Windows 8.1 Pro,6.3 (9600)
COMPUTERX,Windows 8.1 Pro,6.3 (9600)
COMPUTERX,Windows 8.1 Pro,6.3 (9600)
COMPUTERX,Windows 8.1 Pro,6.3 (9600)
COMPUTERX,Windows 8.1 Pro,6.3 (9600)
COMPUTERX,Windows 8.1 Pro,6.3 (9600)
COMPUTERX,Windows 8.1 Pro,6.3 (9600)
COMPUTERX,Windows 8.1 Pro,6.3 (9600)
COMPUTERX,Windows 8.1 Pro,6.3 (9600)
COMPUTERX,Windows 8.1 Pro,6.3 (9600)
COMPUTERX,Windows 8.1 Pro,6.3 (9600)
COMPUTERX,Windows 8.1 Pro,6.3 (9600)
COMPUTERX,Windows 10 Pro,10.0 (17134)
COMPUTERX,Windows 10 Pro,10.0 (17134)
COMPUTERX,Windows 8.1 Pro,6.3 (9600)
COMPUTERX,Windows 8.1 Pro,6.3 (9600)
COMPUTERX,Windows 8.1 Pro,6.3 (9600)
COMPUTERX,Windows 8.1 Pro,6.3 (9600)
COMPUTERX,Windows 10 Pro,10.0 (17134)
COMPUTERX,Windows 8.1 Pro,6.3 (9600)
COMPUTERX,Windows 8.1 Pro,6.3 (9600)
COMPUTERX,Windows 8.1 Pro,6.3 (9600)
COMPUTERX,Windows 8.1 Pro,6.3 (9600)
COMPUTERX,Windows 8.1 Pro,6.3 (9600)
COMPUTERX,Windows 8.1 Pro,6.3 (9600)
COMPUTERX,Windows 8.1 Pro,6.3 (9600)
COMPUTERX,Windows 8.1 Pro,6.3 (9600)
COMPUTERX,Windows 8.1 Pro,6.3 (9600)
COMPUTERX,Windows 10 Pro,10.0 (17134)
COMPUTERX,Windows 10 Pro,10.0 (17134)
COMPUTERX,Windows 10 Pro,10.0 (17134)
COMPUTERX,Windows 10 Pro,10.0 (17134)
COMPUTERX,Windows 8.1 Pro,6.3 (9600)
COMPUTERX,Windows 10 Pro,10.0 (17134)
COMPUTERX,Windows 10 Pro,10.0 (17134)
COMPUTERX,Windows 10 Pro,10.0 (17134)
COMPUTERX,Windows 10 Pro,10.0 (17134)
COMPUTERX,Windows 10 Pro,10.0 (17134)
COMPUTERX,Windows 10 Pro,10.0 (17134)
COMPUTERX,Windows 10 Pro,10.0 (18363)
COMPUTERX,Windows 10 Pro,10.0 (18363)
COMPUTERX,Windows 10 Pro,10.0 (18363)
COMPUTERX,Windows 8.1 Pro,6.3 (9600)
COMPUTERX,Windows 10 Pro,10.0 (18363)
COMPUTERX,Windows 10 Pro,10.0 (17134)
COMPUTERX,Windows 10 Pro,10.0 (18363)
COMPUTERX,Windows 8.1 Pro,6.3 (9600)
COMPUTERX,Windows 10 Pro,10.0 (17134)
COMPUTERX,Windows 8.1 Pro,6.3 (9600)
COMPUTERX,Windows 10 Pro,10.0 (17134)
COMPUTERX,Windows 8.1 Pro,6.3 (9600)
COMPUTERX,Windows 8.1 Pro,6.3 (9600)
COMPUTERX,Windows 10 Pro,10.0 (17134)
COMPUTERX,Windows 10 Pro,10.0 (17134)
COMPUTERX,Windows 8.1 Pro,6.3 (9600)
COMPUTERX,Windows 8.1 Pro,6.3 (9600)
COMPUTERX,Windows 8.1 Pro,6.3 (9600)
COMPUTERX,Windows 8.1 Pro,6.3 (9600)
COMPUTERX,Windows 8.1 Pro,6.3 (9600)
COMPUTERX,Windows 10 Pro,10.0 (18363)
COMPUTERX,Windows 8.1 Pro,6.3 (9600)
COMPUTERX,Windows 8.1 Pro,6.3 (9600)
COMPUTERX,Windows 8.1 Pro,6.3 (9600)
COMPUTERX,Windows 8.1 Pro,6.3 (9600)
COMPUTERX,Windows 8.1 Pro,6.3 (9600)
COMPUTERX,Windows 8.1 Pro,6.3 (9600)
COMPUTERX,Windows 8.1 Pro,6.3 (9600)
COMPUTERX,Windows 8.1 Pro,6.3 (9600)
COMPUTERX,Windows 8.1 Pro,6.3 (9600)
COMPUTERX,Windows 8.1 Pro,6.3 (9600)
COMPUTERX,Windows 8.1 Pro,6.3 (9600)
COMPUTERX,Windows 8.1 Pro,6.3 (9600)
COMPUTERX,Windows 8.1 Pro,6.3 (9600)
COMPUTERX,Windows 8.1 Pro,6.3 (9600)
COMPUTERX,Windows 8.1 Pro,6.3 (9600)
COMPUTERX,Windows 8.1 Pro,6.3 (9600)
COMPUTERX,Windows 8.1 Pro,6.3 (9600)
COMPUTERX,Windows 8.1 Pro,6.3 (9600)
COMPUTERX,Windows 8.1 Pro,6.3 (9600)
COMPUTERX,Windows 10 Pro,10.0 (17134)
COMPUTERX,Windows 8.1 Pro,6.3 (9600)
COMPUTERX,Windows 8.1 Pro,6.3 (9600)
COMPUTERX,Windows 8.1 Pro,6.3 (9600)
COMPUTERX,Windows 8.1 Pro,6.3 (9600)
COMPUTERX,Windows 8.1 Pro,6.3 (9600)
COMPUTERX,Windows 8.1 Pro,6.3 (9600)
COMPUTERX,Windows 8.1 Pro,6.3 (9600)
COMPUTERX,Windows 8.1 Pro,6.3 (9600)
COMPUTERX,Windows 10 Pro,10.0 (18363)
COMPUTERX,Windows 10 Pro,10.0 (18363)
COMPUTERX,Windows 8.1 Pro,6.3 (9600)
COMPUTERX,Windows 8.1 Pro,6.3 (9600)
COMPUTERX,Windows 8.1 Pro,6.3 (9600)
COMPUTERX,Windows 8.1 Pro,6.3 (9600)
COMPUTERX,Windows 8.1 Pro,6.3 (9600)
COMPUTERX,Windows 8.1 Pro,6.3 (9600)
COMPUTERX,Windows 10 Pro,10.0 (17134)
COMPUTERX,Windows 10 Pro,10.0 (17134)
COMPUTERX,Windows 8.1 Pro,6.3 (9600)
COMPUTERX,Windows 8.1 Pro,6.3 (9600)
COMPUTERX,Windows 8.1 Pro,6.3 (9600)
COMPUTERX,Windows 8.1 Pro,6.3 (9600)
COMPUTERX,Windows 8.1 Pro,6.3 (9600)
COMPUTERX,Windows 8.1 Pro,6.3 (9600)
COMPUTERX,Windows 8.1 Pro,6.3 (9600)
COMPUTERX,Windows 8.1 Pro,6.3 (9600)
COMPUTERX,Windows 8.1 Pro,6.3 (9600)
COMPUTERX,Windows 8.1 Pro,6.3 (9600)
COMPUTERX,Windows 8.1 Pro,6.3 (9600)
COMPUTERX,Windows 8.1 Pro,6.3 (9600)
COMPUTERX,Windows 10 Pro,10.0 (17134)
COMPUTERX,Windows 10 Pro,10.0 (17134)
COMPUTERX,Windows 8.1 Pro,6.3 (9600)
COMPUTERX,Windows 8.1 Pro,6.3 (9600)
COMPUTERX,Windows 8.1 Pro,6.3 (9600)
COMPUTERX,Windows 8.1 Pro,6.3 (9600)
COMPUTERX,Windows 10 Pro,10.0 (18363)
COMPUTERX,Windows 8.1 Pro,6.3 (9600)
COMPUTERX,Windows 8.1 Pro,6.3 (9600)
COMPUTERX,Windows 8.1 Pro,6.3 (9600)
COMPUTERX,Windows 8.1 Pro,6.3 (9600)
COMPUTERX,Windows 10 Pro,10.0 (17134)
COMPUTERX,Windows 8.1 Pro,6.3 (9600)
COMPUTERX,Windows 8.1 Pro,6.3 (9600)
COMPUTERX,Windows 8.1 Pro,6.3 (9600)
COMPUTERX,Windows 8.1 Pro,6.3 (9600)
COMPUTERX,Windows 10 Pro,10.0 (18363)
COMPUTERX,Windows 8.1 Pro,6.3 (9600)
COMPUTERX,Windows 8.1 Pro,6.3 (9600)
COMPUTERX,Windows 8.1 Pro,6.3 (9600)
COMPUTERX,Windows 8.1 Pro,6.3 (9600)
COMPUTERX,Windows 8.1 Pro,6.3 (9600)
COMPUTERX,Windows 8.1 Pro,6.3 (9600)
COMPUTERX,Windows 8.1 Pro,6.3 (9600)
COMPUTERX,Windows 8.1 Pro,6.3 (9600)
COMPUTERX,Windows 8.1 Pro,6.3 (9600)
COMPUTERX,Windows 8.1 Pro,6.3 (9600)
COMPUTERX,Windows 8.1 Pro,6.3 (9600)
COMPUTERX,Windows 8.1 Pro,6.3 (9600)
COMPUTERX,Windows 8.1 Pro,6.3 (9600)
COMPUTERX,Windows 8.1 Pro,6.3 (9600)
COMPUTERX,Windows 8.1 Pro,6.3 (9600)
COMPUTERX,Windows 10 Pro,10.0 (17134)
COMPUTERX,Windows 8.1 Pro,6.3 (9600)
COMPUTERX,Windows 8.1 Pro,6.3 (9600)
COMPUTERX,Windows 8.1 Pro,6.3 (9600)
COMPUTERX,Windows 8.1 Pro,6.3 (9600)
COMPUTERX,Windows 8.1 Pro,6.3 (9600)
COMPUTERX,Windows 8.1 Pro,6.3 (9600)
COMPUTERX,Windows 8.1 Pro,6.3 (9600)
COMPUTERX,Windows 8.1 Pro,6.3 (9600)
COMPUTERX,Windows 8.1 Pro,6.3 (9600)
COMPUTERX,Windows 8.1 Pro,6.3 (9600)
COMPUTERX,Windows 8.1 Pro,6.3 (9600)
COMPUTERX,Windows 8.1 Pro,6.3 (9600)
COMPUTERX,Windows 8.1 Pro,6.3 (9600)
COMPUTERX,Windows 10 Pro,10.0 (17134)
COMPUTERX,Windows 8.1 Pro,6.3 (9600)
COMPUTERX,Windows 10 Pro,10.0 (17134)
COMPUTERX,Windows 10 Pro,10.0 (18363)
COMPUTERX,Windows 10 Pro,10.0 (17134)
COMPUTERX,Windows 10 Pro,10.0 (17134)
COMPUTERX,Windows 10 Pro,10.0 (17134)
COMPUTERX,Windows 10 Pro,10.0 (17134)
COMPUTERX,Windows 10 Pro,10.0 (17134)
COMPUTERX,Windows 10 Pro,10.0 (17134)
COMPUTERX,Windows 8.1 Pro,6.3 (9600)
COMPUTERX,Windows 8.1 Pro,6.3 (9600)
COMPUTERX,Windows 8.1 Pro,6.3 (9600)
COMPUTERX,Windows 8.1 Pro,6.3 (9600)
COMPUTERX,Windows 8.1 Pro,6.3 (9600)
COMPUTERX,Windows 8.1 Pro,6.3 (9600)
COMPUTERX,Windows 8.1 Pro,6.3 (9600)
COMPUTERX,Windows 8.1 Pro,6.3 (9600)
COMPUTERX,Windows 10 Pro,10.0 (17134)
COMPUTERX,Windows 8.1 Pro,6.3 (9600)
COMPUTERX,Windows 8.1 Pro,6.3 (9600)
COMPUTERX,Windows 8.1 Pro,6.3 (9600)
COMPUTERX,Windows 8.1 Pro,6.3 (9600)
COMPUTERX,Windows 8.1 Pro,6.3 (9600)
COMPUTERX,Windows 8.1 Pro,6.3 (9600)
COMPUTERX,Windows 8.1 Pro,6.3 (9600)
COMPUTERX,Windows 10 Pro,10.0 (17134)
COMPUTERX,Windows 10 Pro,10.0 (17134)
COMPUTERX,Windows 10 Pro,10.0 (18363)
COMPUTERX,Windows 8.1 Pro,6.3 (9600)
COMPUTERX,Windows 8.1 Pro,6.3 (9600)
COMPUTERX,Windows 8.1 Pro,6.3 (9600)
COMPUTERX,Windows 8.1 Pro,6.3 (9600)
COMPUTERX,Windows 8.1 Pro,6.3 (9600)
COMPUTERX,Windows 8.1 Pro,6.3 (9600)
COMPUTERX,Windows 8.1 Pro,6.3 (9600)
COMPUTERX,Windows 8.1 Pro,6.3 (9600)
COMPUTERX,Windows 10 Pro,10.0 (17134)
COMPUTERX,Windows 8.1 Pro,6.3 (9600)
COMPUTERX,Windows 8.1 Pro,6.3 (9600)
COMPUTERX,Windows 8.1 Pro,6.3 (9600)
COMPUTERX,Windows 8.1 Pro,6.3 (9600)
COMPUTERX,Windows 8.1 Pro,6.3 (9600)
COMPUTERX,Windows 8.1 Pro,6.3 (9600)
COMPUTERX,Windows 8.1 Pro,6.3 (9600)
COMPUTERX,Windows 8.1 Pro,6.3 (9600)
COMPUTERX,Windows 8.1 Pro,6.3 (9600)
COMPUTERX,Windows 8.1 Pro,6.3 (9600)
COMPUTERX,Windows 8.1 Pro,6.3 (9600)
COMPUTERX,Windows 8.1 Pro,6.3 (9600)
COMPUTERX,Windows 8.1 Pro,6.3 (9600)
COMPUTERX,Windows 8.1 Pro,6.3 (9600)
COMPUTERX,Windows 8.1 Pro,6.3 (9600)
COMPUTERX,Windows 8.1 Pro,6.3 (9600)
COMPUTERX,Windows 8.1 Pro,6.3 (9600)
COMPUTERX,Windows 8.1 Pro,6.3 (9600)
COMPUTERX,Windows 8.1 Pro,6.3 (9600)
COMPUTERX,Windows 10 Pro,10.0 (17134)
COMPUTERX,Windows 10 Pro,10.0 (17134)
COMPUTERX,Windows 10 Pro,10.0 (17134)
COMPUTERX,Windows 10 Pro,10.0 (17134)
COMPUTERX,Windows 10 Pro,10.0 (17134)
COMPUTERX,Windows 10 Pro,10.0 (17134)
COMPUTERX,Windows 10 Pro,10.0 (17134)
COMPUTERX,Windows 10 Pro,10.0 (17134)
COMPUTERX,Windows 10 Pro,10.0 (17134)
COMPUTERX,Windows 10 Pro,10.0 (18362)
COMPUTERX,Windows 10 Pro,10.0 (17134)
COMPUTERX,Windows 10 Pro,10.0 (17134)
COMPUTERX,Windows 10 Pro,10.0 (17134)
COMPUTERX,Windows 10 Pro,10.0 (17134)
COMPUTERX,Windows 10 Pro,10.0 (17134)
COMPUTERX,Windows 10 Pro,10.0 (17134)
COMPUTERX,Windows 10 Pro,10.0 (17134)
COMPUTERX,Windows 10 Pro,10.0 (17134)
COMPUTERX,Windows 10 Pro,10.0 (17134)
COMPUTERX,Windows 10 Pro,10.0 (17134)
COMPUTERX,Windows 10 Pro,10.0 (18363)
COMPUTERX,Windows 10 Pro,10.0 (17134)
COMPUTERX,Windows 10 Pro,10.0 (17134)
COMPUTERX,Windows 10 Pro,10.0 (17134)
COMPUTERX,Windows 10 Pro,10.0 (17134)
COMPUTERX,Windows 10 Pro,10.0 (17134)
COMPUTERX,Windows 10 Pro,10.0 (18363)
COMPUTERX,Windows 10 Pro,10.0 (18363)
COMPUTERX,Windows 10 Pro,10.0 (18363)
COMPUTERX,Windows 10 Pro,10.0 (18363)
COMPUTERX,Windows 10 Pro,10.0 (18363)
COMPUTERX,Windows 10 Pro,10.0 (18363)
COMPUTERX,Windows 10 Pro,10.0 (18363)
COMPUTERX,Windows 10 Pro,10.0 (18363)
COMPUTERX,Windows 10 Pro,10.0 (18363)
COMPUTERX,Windows 10 Pro,10.0 (18363)
COMPUTERX,Windows 10 Pro,10.0 (18363)
COMPUTERX,Windows 10 Pro,10.0 (17134)
COMPUTERX,Windows 10 Pro,10.0 (17134)
COMPUTERX,Windows 10 Pro,10.0 (17134)
COMPUTERX,Windows 10 Pro,10.0 (17134)
COMPUTERX,Windows 10 Pro,10.0 (17134)
COMPUTERX,Windows 10 Pro,10.0 (17134)
COMPUTERX,Windows 10 Pro,10.0 (17134)
COMPUTERX,Windows 10 Pro,10.0 (17134)
COMPUTERX,Windows 10 Pro,10.0 (17134)
COMPUTERX,Windows 10 Pro,10.0 (17134)
COMPUTERX,Windows 10 Pro,10.0 (17134)
COMPUTERX,Windows 10 Pro,10.0 (17134)
COMPUTERX,Windows 10 Pro,10.0 (17134)
COMPUTERX,Windows 10 Pro,10.0 (17134)
COMPUTERX,Windows 10 Pro,10.0 (18363)
COMPUTERX,Windows 10 Pro,10.0 (18363)
COMPUTERX,Windows 10 Pro,10.0 (18363)
COMPUTERX,Windows 10 Pro,10.0 (18363)
COMPUTERX,Windows 10 Pro,10.0 (18363)
COMPUTERX,Windows 10 Pro,10.0 (18363)
COMPUTERX,Windows 10 Pro,10.0 (18363)
COMPUTERX,Windows 10 Pro,10.0 (18363)
COMPUTERX,Windows 10 Pro,10.0 (17134)
COMPUTERX,Windows 10 Pro,10.0 (18363)
COMPUTERX,Windows 10 Pro,10.0 (17134)
COMPUTERX,Windows 10 Pro,10.0 (17134)
COMPUTERX,Windows 10 Pro,10.0 (17134)
COMPUTERX,Windows 10 Pro,10.0 (17134)
COMPUTERX,Windows 10 Pro,10.0 (17134)
COMPUTERX,Windows 10 Pro,10.0 (17134)
COMPUTERX,Windows 10 Pro,10.0 (17134)
COMPUTERX,Windows 10 Pro,10.0 (18362)
COMPUTERX,Windows 10 Pro,10.0 (17134)
COMPUTERX,Windows 10 Pro,10.0 (17134)
COMPUTERX,Windows 10 Pro,10.0 (17134)
COMPUTERX,Windows 10 Pro,10.0 (17134)
COMPUTERX,Windows 10 Pro,10.0 (17134)
COMPUTERX,Windows 10 Pro,10.0 (17134)
COMPUTERX,Windows 10 Pro,10.0 (17134)
COMPUTERX,Windows 10 Pro,10.0 (17134)
COMPUTERX,Windows 10 Pro,10.0 (17134)
COMPUTERX,Windows 10 Pro,10.0 (17134)
COMPUTERX,Windows 10 Pro,10.0 (17134)
COMPUTERX,Windows 10 Pro,10.0 (17134)
COMPUTERX,Windows 10 Pro,10.0 (17134)
COMPUTERX,Windows 10 Pro,10.0 (17134)
COMPUTERX,Windows 10 Pro,10.0 (17134)
COMPUTERX,Windows 10 Pro,10.0 (17134)
COMPUTERX,Windows 10 Pro,10.0 (17134)
COMPUTERX,Windows 10 Pro,10.0 (17134)
COMPUTERX,Windows 10 Pro,10.0 (17134)
COMPUTERX,Windows 10 Pro,10.0 (17134)
COMPUTERX,Windows 10 Pro,10.0 (17134)
COMPUTERX,Windows 10 Pro,10.0 (17134)
COMPUTERX,Windows 10 Pro,10.0 (17134)
COMPUTERX,Windows 10 Pro,10.0 (17134)
COMPUTERX,Windows 10 Pro,10.0 (17134)
COMPUTERX,Windows 10 Pro,10.0 (17134)
COMPUTERX,Windows 10 Pro,10.0 (17134)
COMPUTERX,Windows 10 Pro,10.0 (17134)
COMPUTERX,Windows 10 Pro,10.0 (17134)
COMPUTERX,Windows 10 Pro,10.0 (17134)
COMPUTERX,Windows 10 Pro,10.0 (17134)
COMPUTERX,Windows 10 Pro,10.0 (17134)
COMPUTERX,Windows 10 Pro,10.0 (17134)
COMPUTERX,Windows 10 Pro,10.0 (17134)
COMPUTERX,Windows 10 Pro,10.0 (17134)
COMPUTERX,Windows 10 Pro,10.0 (17134)
COMPUTERX,Windows 10 Pro,10.0 (17134)
COMPUTERX,Windows 10 Pro,10.0 (17134)
COMPUTERX,Windows 10 Pro,10.0 (18363)
COMPUTERX,Windows 10 Pro,10.0 (18363)
COMPUTERX,Windows 10 Pro,10.0 (18363)
COMPUTERX,Windows 10 Pro,10.0 (17134)
COMPUTERX,Windows 10 Pro,10.0 (18363)
COMPUTERX,Windows 10 Pro,10.0 (18363)
COMPUTERX,Windows 10 Pro,10.0 (18363)
COMPUTERX,Windows 10 Pro,10.0 (18363)
COMPUTERX,Windows 10 Pro,10.0 (18363)
COMPUTERX,Windows 10 Pro,10.0 (17134)
COMPUTERX,Windows 10 Pro,10.0 (18363)
COMPUTERX,Windows 10 Pro,10.0 (18363)
COMPUTERX,Windows 10 Pro,10.0 (18363)
COMPUTERX,Windows 10 Pro,10.0 (18363)
COMPUTERX,Windows 10 Pro,10.0 (18363)
COMPUTERX,Windows 10 Pro,10.0 (18363)
COMPUTERX,Windows 10 Pro,10.0 (18363)
COMPUTERX,Windows 10 Pro,10.0 (18363)
COMPUTERX,Windows 10 Pro,10.0 (18363)
COMPUTERX,Windows 10 Pro,10.0 (17134)
COMPUTERX,Windows 10 Pro,10.0 (18362)
COMPUTERX,Windows 10 Pro,10.0 (18362)
COMPUTERX,Windows 10 Pro,10.0 (18363)
COMPUTERX,Windows 10 Pro,10.0 (18363)
COMPUTERX,Windows 10 Pro,10.0 (18363)
COMPUTERX,Windows 10 Pro,10.0 (18363)
COMPUTERX,Windows 10 Pro,10.0 (18363)
COMPUTERX,Windows 10 Pro,10.0 (17134)
COMPUTERX,Windows 10 Pro,10.0 (18363)
COMPUTERX,Windows 10 Pro,10.0 (18363)
COMPUTERX,Windows 10 Pro,10.0 (18362)
COMPUTERX,Windows 10 Pro,10.0 (18362)
COMPUTERX,Windows 10 Pro,10.0 (18363)
COMPUTERX,Windows 7 Professional,6.1 (7601)
COMPUTERX,Windows 10 Pro,10.0 (18362)
"COMPUTERX
CNF:accff42a-fd59-4181-812d-4806ee9a04bb",Windows 10 Pro,10.0 (18362)
COMPUTERX,Windows 10 Pro,10.0 (18362)
"COMPUTERX
CNF:a6506908-772a-42d3-8d83-3bafd11bfd2a",Windows 10 Pro,10.0 (18362)
COMPUTERX,Windows 10 Pro,10.0 (18362)
COMPUTERX,Windows 10 Pro,10.0 (18362)
COMPUTERX,Windows 7 Professional,6.1 (7601)
COMPUTERX,Windows 7 Professional,6.1 (7601)
COMPUTERX,Windows 7 Professional,6.1 (7601)
"COMPUTERX
CNF:7b50bca0-e019-4e2d-aee8-8d6f82fd5c12",Windows 10 Pro,10.0 (18362)
COMPUTERX,Windows 10 Pro,10.0 (18362)
COMPUTERX,Windows 10 Pro,10.0 (18362)
"COMPUTERX
CNF:f7686fae-eebc-47a5-8ba3-1c6916cb2937",Windows 7 Professional,6.1 (7601)
COMPUTERX,Windows 10 Pro,10.0 (18362)
COMPUTERX,Windows 10 Pro,10.0 (18362)
COMPUTERX,Windows 10 Pro,10.0 (18362)
COMPUTERX,Windows 7 Professional,6.1 (7601)
COMPUTERX,Windows 10 Pro,10.0 (18362)
COMPUTERX,Windows 10 Pro,10.0 (18362)
COMPUTERX,Windows 10 Pro,10.0 (18362)
COMPUTERX,Windows 10 Pro,10.0 (18362)
COMPUTERX,Windows 10 Pro,10.0 (18362)
COMPUTERX,Windows 10 Pro,10.0 (18362)
COMPUTERX,Windows 10 Pro,10.0 (18362)
COMPUTERX,Windows 10 Pro,10.0 (18362)
COMPUTERX,Windows 10 Pro,10.0 (18362)
COMPUTERX,Windows 10 Pro,10.0 (18362)
COMPUTERX,Windows 10 Pro,10.0 (18362)
COMPUTERX,Windows 10 Pro,10.0 (18362)
COMPUTERX,Windows 10 Pro,10.0 (18362)
COMPUTERX,Windows 10 Pro,10.0 (18362)
COMPUTERX,Windows 10 Pro,10.0 (18362)
COMPUTERX,Windows 10 Pro,10.0 (18362)
COMPUTERX,Windows 7 Professional,6.1 (7601)
COMPUTERX,Windows 7 Professional,6.1 (7601)
COMPUTERX,Windows 10 Pro,10.0 (18362)
COMPUTERX,Windows 10 Pro,10.0 (18362)
COMPUTERX,Windows 10 Pro,10.0 (18363)
COMPUTERX,Windows 7 Professional,6.1 (7601)
COMPUTERX,Windows 7 Professional,6.1 (7601)
COMPUTERX,Windows 7 Professional,6.1 (7601)
COMPUTERX,Windows 10 Pro,10.0 (18362)
COMPUTERX,Windows 7 Professional,6.1 (7601)
COMPUTERX,Windows 10 Pro,10.0 (18362)
COMPUTERX,Windows 7 Professional,6.1 (7601)
COMPUTERX,Windows 10 Pro,10.0 (18362)
COMPUTERX,Windows 7 Professional,6.1 (7601)
COMPUTERX,Windows 10 Pro,10.0 (18363)
COMPUTERX,Windows 10 Pro,10.0 (18362)
COMPUTERX,Windows 7 Professional,6.1 (7601)
COMPUTERX,Windows 10 Pro,10.0 (18362)
COMPUTERX,Windows 10 Pro,10.0 (17134)
COMPUTERX,Windows 10 Pro,10.0 (17134)
COMPUTERX,Windows 10 Pro,10.0 (17134)
COMPUTERX,Windows 10 Pro,10.0 (17134)
COMPUTERX,Windows 10 Pro,10.0 (17134)
COMPUTERX,Windows 10 Pro,10.0 (17134)
COMPUTERX,Windows 10 Pro,10.0 (17134)
COMPUTERX,Windows 10 Pro,10.0 (17134)
COMPUTERX,Windows 10 Pro,10.0 (17134)
COMPUTERX,Windows 10 Pro,10.0 (17134)
COMPUTERX,Windows 10 Pro,10.0 (17134)
COMPUTERX,Windows 10 Pro,10.0 (17134)
COMPUTERX,Windows 10 Pro,10.0 (17134)
COMPUTERX,Windows 10 Pro,10.0 (18363)
COMPUTERX,Windows 10 Pro,10.0 (17134)
COMPUTERX,Windows 10 Pro,10.0 (17134)
COMPUTERX,Windows 10 Pro,10.0 (17134)
COMPUTERX,Windows 10 Pro,10.0 (17134)
COMPUTERX,Windows 10 Pro,10.0 (17134)
COMPUTERX,Windows 7 Professional,6.1 (7601)
COMPUTERX,Windows 10 Pro,10.0 (18363)
COMPUTERX,Windows 10 Pro,10.0 (18363)
COMPUTERX,Windows 10 Pro,10.0 (18363)
COMPUTERX,Windows 10 Pro,10.0 (18363)
COMPUTERX,Windows 10 Pro,10.0 (17134)
COMPUTERX,Windows 10 Pro,10.0 (18363)
COMPUTERX,Windows 10 Pro,10.0 (18362)
COMPUTERX,Windows 10 Pro,10.0 (17134)
COMPUTERX,Windows 10 Pro,10.0 (17134)
COMPUTERX,Windows 10 Pro,10.0 (17134)
COMPUTERX,Windows 10 Pro,10.0 (17134)
COMPUTERX,Windows 10 Pro,10.0 (18363)
COMPUTERX,Windows 10 Pro,10.0 (18362)
COMPUTERX,Windows 10 Pro,10.0 (18363)
COMPUTERX,Windows 10 Pro,10.0 (17134)
COMPUTERX,Windows 10 Pro,10.0 (18363)
COMPUTERX,Windows 10 Pro,10.0 (18363)
COMPUTERX,Windows 10 Pro,10.0 (18363)
COMPUTERX,Windows 10 Pro,10.0 (18363)
COMPUTERX,Windows 10 Pro,10.0 (18363)
COMPUTERX,Windows 10 Pro,10.0 (18363)
COMPUTERX,Windows 10 Pro,10.0 (17134)
COMPUTERX,Windows 10 Pro,10.0 (18363)
COMPUTERX,Windows 10 Pro,10.0 (18363)
COMPUTERX,Windows 10 Pro,10.0 (18363)
COMPUTERX,Windows 7 Professional,6.1 (7601)
COMPUTERX,Windows 10 Pro,10.0 (17134)
COMPUTERX,Windows 10 Pro,10.0 (17134)
COMPUTERX,Windows 10 Pro,10.0 (17134)
COMPUTERX,Windows 10 Pro,10.0 (17134)
COMPUTERX,Windows 10 Pro,10.0 (17134)
COMPUTERX,Windows 10 Pro,10.0 (17134)
COMPUTERX,Windows 10 Pro,10.0 (17134)
COMPUTERX,Windows 10 Pro,10.0 (17134)
COMPUTERX,Windows 10 Pro,10.0 (17134)
COMPUTERX,Windows 10 Pro,10.0 (17134)
COMPUTERX,Windows 10 Pro,10.0 (17134)
COMPUTERX,Windows 10 Pro,10.0 (17134)
COMPUTERX,Windows 10 Pro,10.0 (17134)
COMPUTERX,Windows 10 Pro,10.0 (17134)
COMPUTERX,Windows 10 Pro,10.0 (17134)
COMPUTERX,Windows 10 Pro,10.0 (17134)
COMPUTERX,Windows 10 Pro,10.0 (17134)
COMPUTERX,Windows 10 Pro,10.0 (17134)
COMPUTERX,Windows 10 Pro,10.0 (17134)
COMPUTERX,Windows 10 Pro,10.0 (17134)
COMPUTERX,Windows 10 Pro,10.0 (17134)
COMPUTERX,Windows 10 Pro,10.0 (17134)
COMPUTERX,Windows 10 Pro,10.0 (17134)
COMPUTERX,Windows 10 Pro,10.0 (17134)
COMPUTERX,Windows 10 Pro,10.0 (17134)
COMPUTERX,Windows 10 Pro,10.0 (17134)
COMPUTERX,Windows 10 Pro,10.0 (17134)
COMPUTERX,Windows 10 Pro,10.0 (17134)
COMPUTERX,Windows 10 Pro,10.0 (17134)
COMPUTERX,Windows 10 Pro,10.0 (17134)
COMPUTERX,Windows 10 Pro,10.0 (17134)
COMPUTERX,Windows 10 Pro,10.0 (17134)
COMPUTERX,Windows 10 Pro,10.0 (17134)
COMPUTERX,Windows 10 Pro,10.0 (17134)
COMPUTERX,Windows 10 Pro,10.0 (17134)
COMPUTERX,Windows 10 Pro,10.0 (17134)
COMPUTERX,Windows 10 Pro,10.0 (17134)
COMPUTERX,Windows 10 Pro,10.0 (17134)
COMPUTERX,Windows 10 Pro,10.0 (17134)
COMPUTERX,Windows 10 Pro,10.0 (17134)
COMPUTERX,Windows 10 Pro,10.0 (17134)
COMPUTERX,Windows 10 Pro,10.0 (17134)
COMPUTERX,Windows 10 Pro,10.0 (17134)
COMPUTERX,Windows 10 Pro,10.0 (17134)
COMPUTERX,Windows 7 Enterprise,6.1 (7601)
COMPUTERX,Windows 7 Enterprise,6.1 (7601)
COMPUTERX,Windows 7 Professional,6.1 (7601)
COMPUTERX,Windows 7 Professional,6.1 (7601)
COMPUTERX,Windows 7 Enterprise,6.1 (7601)
COMPUTERX,Windows 10 Pro,10.0 (17133)
COMPUTERX,Windows 10 Pro,10.0 (17134)
